strain	species	date	region	country	location	host	group	collector	authors	title	journal	paper url
B71	Magnaporthe oryzae	2012	South America	Bolivia	Okinawa	Triticum aestivum	B71	Unknown	"Peng et al., 2019"	Effector gene reshuffling involves dispensable mini-chromosomes in the wheat blast fungus	PLOS Genetics	https://doi.org/10.1371/journal.pgen.1008272
Br10	Magnaporthe oryzae	1990	South America	Brazil	Unknown	Triticum aestivum	Other	Unknown	"Yoshida et al., 2009"	Association genetics reveals three novel avirulence genes from the rice blast fungal pathogen Magnaporthe oryzae	Plant Cell	https://doi.org/10.1105/tpc.109.066324
Br117.1	Magnaporthe oryzae	1992	South America	Brazil	Unknown	Triticum aestivum	Other	Unknown	"Latorre et al., 2023"	Genomic surveillance uncovers a pandemic clonal lineage of the wheat blast fungus	PLOS Biology	https://doi.org/10.1371/journal.pbio.3002052
Br127.1	Magnaporthe oryzae	1992	South America	Brazil	Unknown	Triticum aestivum	Other	Unknown	"Latorre et al., 2023"	Genomic surveillance uncovers a pandemic clonal lineage of the wheat blast fungus	PLOS Biology	https://doi.org/10.1371/journal.pbio.3002052
Br13	Magnaporthe oryzae	1990	South America	Brazil	Unknown	Triticum aestivum	Other	Unknown	"Farman et al., 2002"	Analysis of the Structure of the AVR1-CO39 Avirulence Locus in Virulent Rice-Infecting Isolates of Magnaporthe grisea	MPMI	https://doi.org/10.1094/MPMI.2002.15.1.6
Br130.8	Magnaporthe oryzae	1990	South America	Brazil	Mato Grosso do Sul	Triticum aestivum	Other	Unknown	"Gladieux et al., 2017"	Gene Flow between Divergent Cereal- and Grass-Specific Lineages of the Rice Blast Fungus�Magnaporthe oryzae	mBio	https://doi.org/10.1128/mbio.01219-17
Br15	Magnaporthe oryzae	1990	South America	Brazil	Unknown	Triticum aestivum	Other	Unknown	"Farman et al., 2002"	Analysis of the Structure of the AVR1-CO39 Avirulence Locus in Virulent Rice-Infecting Isolates of Magnaporthe grisea	MPMI	https://doi.org/10.1094/MPMI.2002.15.1.6
Br3	Magnaporthe oryzae	1990	South America	Brazil	Londrina	Triticum aestivum	Other	Unknown	"Hau et al., 2007"	Identification of two genes for resistance to Triticum isolates of Magnaporthe oryzae in wheat	Genome	https://doi.org/10.1139/G07-094
Br32	Magnaporthe oryzae	1991	South America	Brazil	Unknown	Triticum aestivum	Other	Unknown	"Chiapello et al., 2015"	Deciphering Genome Content and Evolutionary Relationships of Isolates from the Fungus Magnaporthe oryzae Attacking Different Host Plants	Genome Biology and Evolution	https://doi.org/10.1093/gbe/evv187
Br46	Magnaporthe oryzae	1990	South America	Brazil	Unknown	Triticum aestivum	Other	Unknown	"Latorre et al., 2023"	Genomic surveillance uncovers a pandemic clonal lineage of the wheat blast fungus	PLOS Biology	https://doi.org/10.1371/journal.pbio.3002052
Br49	Magnaporthe oryzae	1990	South America	Brazil	Dourados	Triticum aestivum	Other	Unknown	"Hau et al., 2007"	Identification of two genes for resistance to Triticum isolates of Magnaporthe oryzae in wheat	Genome	https://doi.org/10.1139/G07-094
Br50	Magnaporthe oryzae	1990	South America	Brazil	Unknown	Triticum aestivum	Other	Unknown	"Latorre et al., 2023"	Genomic surveillance uncovers a pandemic clonal lineage of the wheat blast fungus	PLOS Biology	https://doi.org/10.1371/journal.pbio.3002052
Br58	Magnaporthe oryzae	1990	South America	Brazil	Parana	Triticum aestivum	Other	Unknown	"Yoshida et al., 2016"	Host specialization of the blast fungus Magnaporthe oryzae is associated with dynamic gain and loss of genes linked to transposable elements	BMC Genomics	https://doi.org/10.1186/s12864-016-2690-6
Br62	Magnaporthe oryzae	1991	South America	Brazil	Unknown	Triticum aestivum	Other	Unknown	"Gladieux et al., 2017"	Gene Flow between Divergent Cereal- and Grass-Specific Lineages of the Rice Blast Fungus�Magnaporthe oryzae	mBio	https://doi.org/10.1128/mbio.01219-17
Br8	Magnaporthe oryzae	1990	South America	Brazil	B. V. Paraiso	Triticum aestivum	Other	Unknown	"Hau et al., 2007"	Identification of two genes for resistance to Triticum isolates of Magnaporthe oryzae in wheat	Genome	https://doi.org/10.1139/G07-094
BTBa-B1	Magnaporthe oryzae	2016	Asia	Bangladesh	Gazipur	Triticum aestivum	B71	Unknown	"Latorre et al., 2023"	Genomic surveillance uncovers a pandemic clonal lineage of the wheat blast fungus	PLOS Biology	https://doi.org/10.1371/journal.pbio.3002052
BTBa-B2	Magnaporthe oryzae	2016	Asia	Bangladesh	Gazipur	Triticum aestivum	B71	Unknown	"Latorre et al., 2023"	Genomic surveillance uncovers a pandemic clonal lineage of the wheat blast fungus	PLOS Biology	https://doi.org/10.1371/journal.pbio.3002052
BTGS-6e	Magnaporthe oryzae	2017	Asia	Bangladesh	Meherpur	Triticum aestivum	B71	Unknown	"Latorre et al., 2023"	Genomic surveillance uncovers a pandemic clonal lineage of the wheat blast fungus	PLOS Biology	https://doi.org/10.1371/journal.pbio.3002052
BTGP-6c-4	Magnaporthe oryzae	2017	Asia	Bangladesh	Meherpur	Triticum aestivum	B71	Unknown	"Latorre et al., 2023"	Genomic surveillance uncovers a pandemic clonal lineage of the wheat blast fungus	PLOS Biology	https://doi.org/10.1371/journal.pbio.3002052
BTGP-6c-7	Magnaporthe oryzae	2017	Asia	Bangladesh	Meherpur	Triticum aestivum	B71	Unknown	"Latorre et al., 2023"	Genomic surveillance uncovers a pandemic clonal lineage of the wheat blast fungus	PLOS Biology	https://doi.org/10.1371/journal.pbio.3002052
BTGP-6e	Magnaporthe oryzae	2017	Asia	Bangladesh	Meherpur	Triticum aestivum	B71	Unknown	"Latorre et al., 2023"	Genomic surveillance uncovers a pandemic clonal lineage of the wheat blast fungus	PLOS Biology	https://doi.org/10.1371/journal.pbio.3002052
BTGP1-b	Magnaporthe oryzae	2017	Asia	Bangladesh	Meherpur	Triticum aestivum	B71	Unknown	"Latorre et al., 2023"	Genomic surveillance uncovers a pandemic clonal lineage of the wheat blast fungus	PLOS Biology	https://doi.org/10.1371/journal.pbio.3002052
BTGS-6b-2	Magnaporthe oryzae	2017	Asia	Bangladesh	Meherpur	Triticum aestivum	B71	Unknown	"Latorre et al., 2023"	Genomic surveillance uncovers a pandemic clonal lineage of the wheat blast fungus	PLOS Biology	https://doi.org/10.1371/journal.pbio.3002052
BTGS-6f	Magnaporthe oryzae	2017	Asia	Bangladesh	Meherpur	Triticum aestivum	B71	Unknown	"Latorre et al., 2023"	Genomic surveillance uncovers a pandemic clonal lineage of the wheat blast fungus	PLOS Biology	https://doi.org/10.1371/journal.pbio.3002052
BTGS-6g	Magnaporthe oryzae	2017	Asia	Bangladesh	Meherpur	Triticum aestivum	B71	Unknown	"Latorre et al., 2023"	Genomic surveillance uncovers a pandemic clonal lineage of the wheat blast fungus	PLOS Biology	https://doi.org/10.1371/journal.pbio.3002052
BTGS-6h	Magnaporthe oryzae	2017	Asia	Bangladesh	Meherpur	Triticum aestivum	B71	Unknown	"Latorre et al., 2023"	Genomic surveillance uncovers a pandemic clonal lineage of the wheat blast fungus	PLOS Biology	https://doi.org/10.1371/journal.pbio.3002052
BTJP-1a	Magnaporthe oryzae	2016	Asia	Bangladesh	Unknown	Triticum aestivum	B71	Unknown	"Latorre et al., 2023"	Genomic surveillance uncovers a pandemic clonal lineage of the wheat blast fungus	PLOS Biology	https://doi.org/10.1371/journal.pbio.3002052
BTJP-4-1	Magnaporthe oryzae	2016	Asia	Bangladesh	Jhenaidah	Triticum aestivum	B71	Unknown	"Latorre et al., 2023"	Genomic surveillance uncovers a pandemic clonal lineage of the wheat blast fungus	PLOS Biology	https://doi.org/10.1371/journal.pbio.3002052
BTJP-4-3	Magnaporthe oryzae	2016	Asia	Bangladesh	Jhenaidah	Triticum aestivum	B71	Unknown	"Latorre et al., 2023"	Genomic surveillance uncovers a pandemic clonal lineage of the wheat blast fungus	PLOS Biology	https://doi.org/10.1371/journal.pbio.3002052
BTJP-4c	Magnaporthe oryzae	2016	Asia	Bangladesh	Unknown	Triticum aestivum	B71	Unknown	"Latorre et al., 2023"	Genomic surveillance uncovers a pandemic clonal lineage of the wheat blast fungus	PLOS Biology	https://doi.org/10.1371/journal.pbio.3002052
BTJP-9c	Magnaporthe oryzae	2016	Asia	Bangladesh	Unknown	Triticum aestivum	B71	Unknown	"Latorre et al., 2023"	Genomic surveillance uncovers a pandemic clonal lineage of the wheat blast fungus	PLOS Biology	https://doi.org/10.1371/journal.pbio.3002052
BTJP-4-11	Magnaporthe oryzae	2016	Asia	Bangladesh	Jhenaidah	Triticum aestivum	B71	Unknown	"Latorre et al., 2023"	Genomic surveillance uncovers a pandemic clonal lineage of the wheat blast fungus	PLOS Biology	https://doi.org/10.1371/journal.pbio.3002052
BTJP-4-12	Magnaporthe oryzae	2016	Asia	Bangladesh	Jhenaidah	Triticum aestivum	B71	Unknown	"Latorre et al., 2023"	Genomic surveillance uncovers a pandemic clonal lineage of the wheat blast fungus	PLOS Biology	https://doi.org/10.1371/journal.pbio.3002052
BTJP-4-16	Magnaporthe oryzae	2016	Asia	Bangladesh	Jhenaidah	Triticum aestivum	B71	Unknown	"Latorre et al., 2023"	Genomic surveillance uncovers a pandemic clonal lineage of the wheat blast fungus	PLOS Biology	https://doi.org/10.1371/journal.pbio.3002052
BTJP-4-18	Magnaporthe oryzae	2016	Asia	Bangladesh	Jhenaidah	Triticum aestivum	B71	Unknown	"Latorre et al., 2023"	Genomic surveillance uncovers a pandemic clonal lineage of the wheat blast fungus	PLOS Biology	https://doi.org/10.1371/journal.pbio.3002052
BTJP-4-6	Magnaporthe oryzae	2016	Asia	Bangladesh	Jhenaidah	Triticum aestivum	B71	Unknown	"Latorre et al., 2023"	Genomic surveillance uncovers a pandemic clonal lineage of the wheat blast fungus	PLOS Biology	https://doi.org/10.1371/journal.pbio.3002052
BTJP-4-4	Magnaporthe oryzae	2016	Asia	Bangladesh	Unknown	Triticum aestivum	B71	Unknown	"Latorre et al., 2023"	Genomic surveillance uncovers a pandemic clonal lineage of the wheat blast fungus	PLOS Biology	https://doi.org/10.1371/journal.pbio.3002052
BTJP-4-5	Magnaporthe oryzae	2016	Asia	Bangladesh	Jhenaidah	Triticum aestivum	B71	Unknown	"Latorre et al., 2023"	Genomic surveillance uncovers a pandemic clonal lineage of the wheat blast fungus	PLOS Biology	https://doi.org/10.1371/journal.pbio.3002052
BTMaU-10a	Magnaporthe oryzae	2017	Asia	Bangladesh	Magura	Triticum aestivum	B71	Unknown	"Latorre et al., 2023"	Genomic surveillance uncovers a pandemic clonal lineage of the wheat blast fungus	PLOS Biology	https://doi.org/10.1371/journal.pbio.3002052
BTMaU-10b	Magnaporthe oryzae	2017	Asia	Bangladesh	Magura	Triticum aestivum	B71	Unknown	"Latorre et al., 2023"	Genomic surveillance uncovers a pandemic clonal lineage of the wheat blast fungus	PLOS Biology	https://doi.org/10.1371/journal.pbio.3002052
BTMaV-10a	Magnaporthe oryzae	2016	Asia	Bangladesh	Unknown	Triticum aestivum	B71	Unknown	"Latorre et al., 2023"	Genomic surveillance uncovers a pandemic clonal lineage of the wheat blast fungus	PLOS Biology	https://doi.org/10.1371/journal.pbio.3002052
BTMB-50	Magnaporthe oryzae	2016	Asia	Bangladesh	Unknown	Triticum aestivum	B71	Unknown	"Latorre et al., 2023"	Genomic surveillance uncovers a pandemic clonal lineage of the wheat blast fungus	PLOS Biology	https://doi.org/10.1371/journal.pbio.3002052
BTMP-S13-1	Magnaporthe oryzae	2016	Asia	Bangladesh	Meherpur	Triticum aestivum	B71	Unknown	"Latorre et al., 2023"	Genomic surveillance uncovers a pandemic clonal lineage of the wheat blast fungus	PLOS Biology	https://doi.org/10.1371/journal.pbio.3002052
BTMP-S13-2	Magnaporthe oryzae	2016	Asia	Bangladesh	Meherpur	Triticum aestivum	B71	Unknown	"Latorre et al., 2023"	Genomic surveillance uncovers a pandemic clonal lineage of the wheat blast fungus	PLOS Biology	https://doi.org/10.1371/journal.pbio.3002052
BTMP-182-5	Magnaporthe oryzae	2018	Asia	Bangladesh	Meherpur	Triticum aestivum	B71	Unknown	"Latorre et al., 2023"	Genomic surveillance uncovers a pandemic clonal lineage of the wheat blast fungus	PLOS Biology	https://doi.org/10.1371/journal.pbio.3002052
BTMP-1827-1	Magnaporthe oryzae	2018	Asia	Bangladesh	Meherpur	Triticum aestivum	B71	Unknown	"Latorre et al., 2023"	Genomic surveillance uncovers a pandemic clonal lineage of the wheat blast fungus	PLOS Biology	https://doi.org/10.1371/journal.pbio.3002052
BTMP-1827-2	Magnaporthe oryzae	2018	Asia	Bangladesh	Meherpur	Triticum aestivum	B71	Unknown	"Latorre et al., 2023"	Genomic surveillance uncovers a pandemic clonal lineage of the wheat blast fungus	PLOS Biology	https://doi.org/10.1371/journal.pbio.3002052
BTMP-1828-4	Magnaporthe oryzae	2018	Asia	Bangladesh	Meherpur	Triticum aestivum	B71	Unknown	"Latorre et al., 2023"	Genomic surveillance uncovers a pandemic clonal lineage of the wheat blast fungus	PLOS Biology	https://doi.org/10.1371/journal.pbio.3002052
BTMP-1828-5	Magnaporthe oryzae	2018	Asia	Bangladesh	Meherpur	Triticum aestivum	B71	Unknown	"Latorre et al., 2023"	Genomic surveillance uncovers a pandemic clonal lineage of the wheat blast fungus	PLOS Biology	https://doi.org/10.1371/journal.pbio.3002052
BTMP-1830-1	Magnaporthe oryzae	2018	Asia	Bangladesh	Meherpur	Triticum aestivum	B71	Unknown	"Latorre et al., 2023"	Genomic surveillance uncovers a pandemic clonal lineage of the wheat blast fungus	PLOS Biology	https://doi.org/10.1371/journal.pbio.3002052
BTMP-1830-4	Magnaporthe oryzae	2018	Asia	Bangladesh	Meherpur	Triticum aestivum	B71	Unknown	"Latorre et al., 2023"	Genomic surveillance uncovers a pandemic clonal lineage of the wheat blast fungus	PLOS Biology	https://doi.org/10.1371/journal.pbio.3002052
BTMP-184-3	Magnaporthe oryzae	2018	Asia	Bangladesh	Meherpur	Triticum aestivum	B71	Unknown	"Latorre et al., 2023"	Genomic surveillance uncovers a pandemic clonal lineage of the wheat blast fungus	PLOS Biology	https://doi.org/10.1371/journal.pbio.3002052
BTMP-1843-1	Magnaporthe oryzae	2018	Asia	Bangladesh	Meherpur	Triticum aestivum	B71	Unknown	"Latorre et al., 2023"	Genomic surveillance uncovers a pandemic clonal lineage of the wheat blast fungus	PLOS Biology	https://doi.org/10.1371/journal.pbio.3002052
BTMP-1845-1	Magnaporthe oryzae	2018	Asia	Bangladesh	Meherpur	Triticum aestivum	B71	Unknown	"Latorre et al., 2023"	Genomic surveillance uncovers a pandemic clonal lineage of the wheat blast fungus	PLOS Biology	https://doi.org/10.1371/journal.pbio.3002052
BTMP-1845-3	Magnaporthe oryzae	2018	Asia	Bangladesh	Meherpur	Triticum aestivum	B71	Unknown	"Latorre et al., 2023"	Genomic surveillance uncovers a pandemic clonal lineage of the wheat blast fungus	PLOS Biology	https://doi.org/10.1371/journal.pbio.3002052
BTMP-186-3	Magnaporthe oryzae	2018	Asia	Bangladesh	Meherpur	Triticum aestivum	B71	Unknown	"Latorre et al., 2023"	Genomic surveillance uncovers a pandemic clonal lineage of the wheat blast fungus	PLOS Biology	https://doi.org/10.1371/journal.pbio.3002052
BTMP-186-4	Magnaporthe oryzae	2018	Asia	Bangladesh	Meherpur	Triticum aestivum	B71	Unknown	"Latorre et al., 2023"	Genomic surveillance uncovers a pandemic clonal lineage of the wheat blast fungus	PLOS Biology	https://doi.org/10.1371/journal.pbio.3002052
BTMP-187-3	Magnaporthe oryzae	2018	Asia	Bangladesh	Meherpur	Triticum aestivum	B71	Unknown	"Latorre et al., 2023"	Genomic surveillance uncovers a pandemic clonal lineage of the wheat blast fungus	PLOS Biology	https://doi.org/10.1371/journal.pbio.3002052
BTMP-189-1	Magnaporthe oryzae	2018	Asia	Bangladesh	Meherpur	Triticum aestivum	B71	Unknown	"Latorre et al., 2023"	Genomic surveillance uncovers a pandemic clonal lineage of the wheat blast fungus	PLOS Biology	https://doi.org/10.1371/journal.pbio.3002052
BTMP-189-2	Magnaporthe oryzae	2018	Asia	Bangladesh	Meherpur	Triticum aestivum	B71	Unknown	"Latorre et al., 2023"	Genomic surveillance uncovers a pandemic clonal lineage of the wheat blast fungus	PLOS Biology	https://doi.org/10.1371/journal.pbio.3002052
BTMP-191-2	Magnaporthe oryzae	2019	Asia	Bangladesh	Meherpur	Triticum aestivum	B71	Unknown	"Latorre et al., 2023"	Genomic surveillance uncovers a pandemic clonal lineage of the wheat blast fungus	PLOS Biology	https://doi.org/10.1371/journal.pbio.3002052
BTMP-1910-3	Magnaporthe oryzae	2019	Asia	Bangladesh	Meherpur	Triticum aestivum	B71	Unknown	"Latorre et al., 2023"	Genomic surveillance uncovers a pandemic clonal lineage of the wheat blast fungus	PLOS Biology	https://doi.org/10.1371/journal.pbio.3002052
BTMP-192-3	Magnaporthe oryzae	2019	Asia	Bangladesh	Meherpur	Triticum aestivum	B71	Unknown	"Latorre et al., 2023"	Genomic surveillance uncovers a pandemic clonal lineage of the wheat blast fungus	PLOS Biology	https://doi.org/10.1371/journal.pbio.3002052
BTMP-193-3	Magnaporthe oryzae	2019	Asia	Bangladesh	Meherpur	Triticum aestivum	B71	Unknown	"Latorre et al., 2023"	Genomic surveillance uncovers a pandemic clonal lineage of the wheat blast fungus	PLOS Biology	https://doi.org/10.1371/journal.pbio.3002052
BTMP-194-1	Magnaporthe oryzae	2019	Asia	Bangladesh	Meherpur	Triticum aestivum	B71	Unknown	"Latorre et al., 2023"	Genomic surveillance uncovers a pandemic clonal lineage of the wheat blast fungus	PLOS Biology	https://doi.org/10.1371/journal.pbio.3002052
BTMP-194-2	Magnaporthe oryzae	2019	Asia	Bangladesh	Meherpur	Triticum aestivum	B71	Unknown	"Latorre et al., 2023"	Genomic surveillance uncovers a pandemic clonal lineage of the wheat blast fungus	PLOS Biology	https://doi.org/10.1371/journal.pbio.3002052
BTMP-195-1	Magnaporthe oryzae	2019	Asia	Bangladesh	Meherpur	Triticum aestivum	B71	Unknown	"Latorre et al., 2023"	Genomic surveillance uncovers a pandemic clonal lineage of the wheat blast fungus	PLOS Biology	https://doi.org/10.1371/journal.pbio.3002052
BTMP-195-2	Magnaporthe oryzae	2019	Asia	Bangladesh	Meherpur	Triticum aestivum	B71	Unknown	"Latorre et al., 2023"	Genomic surveillance uncovers a pandemic clonal lineage of the wheat blast fungus	PLOS Biology	https://doi.org/10.1371/journal.pbio.3002052
BTMP-196-2	Magnaporthe oryzae	2019	Asia	Bangladesh	Meherpur	Triticum aestivum	B71	Unknown	"Latorre et al., 2023"	Genomic surveillance uncovers a pandemic clonal lineage of the wheat blast fungus	PLOS Biology	https://doi.org/10.1371/journal.pbio.3002052
BTMP-197-3	Magnaporthe oryzae	2019	Asia	Bangladesh	Meherpur	Triticum aestivum	B71	Unknown	"Latorre et al., 2023"	Genomic surveillance uncovers a pandemic clonal lineage of the wheat blast fungus	PLOS Biology	https://doi.org/10.1371/journal.pbio.3002052
BTMP-198-1	Magnaporthe oryzae	2019	Asia	Bangladesh	Meherpur	Triticum aestivum	B71	Unknown	"Latorre et al., 2023"	Genomic surveillance uncovers a pandemic clonal lineage of the wheat blast fungus	PLOS Biology	https://doi.org/10.1371/journal.pbio.3002052
BTMP-199-3	Magnaporthe oryzae	2019	Asia	Bangladesh	Meherpur	Triticum aestivum	B71	Unknown	"Latorre et al., 2023"	Genomic surveillance uncovers a pandemic clonal lineage of the wheat blast fungus	PLOS Biology	https://doi.org/10.1371/journal.pbio.3002052
BTMP-199-7	Magnaporthe oryzae	2019	Asia	Bangladesh	Meherpur	Triticum aestivum	B71	Unknown	"Latorre et al., 2023"	Genomic surveillance uncovers a pandemic clonal lineage of the wheat blast fungus	PLOS Biology	https://doi.org/10.1371/journal.pbio.3002052
BTMP-202-1	Magnaporthe oryzae	2020	Asia	Bangladesh	Kutubpur	Triticum aestivum	B71	Unknown	"Latorre et al., 2023"	Genomic surveillance uncovers a pandemic clonal lineage of the wheat blast fungus	PLOS Biology	https://doi.org/10.1371/journal.pbio.3002052
BTMP-202-4	Magnaporthe oryzae	2020	Asia	Bangladesh	Kutubpur	Triticum aestivum	B71	Unknown	"Latorre et al., 2023"	Genomic surveillance uncovers a pandemic clonal lineage of the wheat blast fungus	PLOS Biology	https://doi.org/10.1371/journal.pbio.3002052
BTMP-203-5	Magnaporthe oryzae	2020	Asia	Bangladesh	Kutubpur	Triticum aestivum	B71	Unknown	"Latorre et al., 2023"	Genomic surveillance uncovers a pandemic clonal lineage of the wheat blast fungus	PLOS Biology	https://doi.org/10.1371/journal.pbio.3002052
BTMP-204-2	Magnaporthe oryzae	2020	Asia	Bangladesh	Kutubpur	Triticum aestivum	B71	Unknown	"Latorre et al., 2023"	Genomic surveillance uncovers a pandemic clonal lineage of the wheat blast fungus	PLOS Biology	https://doi.org/10.1371/journal.pbio.3002052
BTMP-204-9	Magnaporthe oryzae	2020	Asia	Bangladesh	Kutubpur	Triticum aestivum	B71	Unknown	"Latorre et al., 2023"	Genomic surveillance uncovers a pandemic clonal lineage of the wheat blast fungus	PLOS Biology	https://doi.org/10.1371/journal.pbio.3002052
BTMP-206-5	Magnaporthe oryzae	2020	Asia	Bangladesh	Kutubpur	Triticum aestivum	B71	Unknown	"Latorre et al., 2023"	Genomic surveillance uncovers a pandemic clonal lineage of the wheat blast fungus	PLOS Biology	https://doi.org/10.1371/journal.pbio.3002052
BTMP-208-6	Magnaporthe oryzae	2020	Asia	Bangladesh	Kutubpur	Triticum aestivum	B71	Unknown	"Latorre et al., 2023"	Genomic surveillance uncovers a pandemic clonal lineage of the wheat blast fungus	PLOS Biology	https://doi.org/10.1371/journal.pbio.3002052
BTMP-2801-1	Magnaporthe oryzae	2020	Asia	Bangladesh	Meherpur	Triticum aestivum	B71	Unknown	"Latorre et al., 2023"	Genomic surveillance uncovers a pandemic clonal lineage of the wheat blast fungus	PLOS Biology	https://doi.org/10.1371/journal.pbio.3002052
BTMP-2801-5	Magnaporthe oryzae	2020	Asia	Bangladesh	Meherpur	Triticum aestivum	B71	Unknown	"Latorre et al., 2023"	Genomic surveillance uncovers a pandemic clonal lineage of the wheat blast fungus	PLOS Biology	https://doi.org/10.1371/journal.pbio.3002052
BTMP-2807-4	Magnaporthe oryzae	2020	Asia	Bangladesh	Meherpur	Triticum aestivum	B71	Unknown	"Latorre et al., 2023"	Genomic surveillance uncovers a pandemic clonal lineage of the wheat blast fungus	PLOS Biology	https://doi.org/10.1371/journal.pbio.3002052
BTMP-2g	Magnaporthe oryzae	2017	Asia	Bangladesh	Meherpur	Triticum aestivum	B71	Unknown	"Latorre et al., 2023"	Genomic surveillance uncovers a pandemic clonal lineage of the wheat blast fungus	PLOS Biology	https://doi.org/10.1371/journal.pbio.3002052
PgKY	Magnaporthe oryzae	2000	North America	USA	Kentucky	Triticum aestivum	Other	Unknown	Maciel et al. 2014	Population Structure and Pathotype Diversity of the Wheat Blast Pathogen�Magnaporthe oryzae�25 Years After Its Emergence in Brazil	Phytopathology	https://doi.org/10.1094/PHYTO-11-12-0294-R
PGPA	Magnaporthe oryzae	1998	North America	USA	Pennsylvania	Triticum aestivum	Other	Unknown	Maciel et al. 2014	Population Structure and Pathotype Diversity of the Wheat Blast Pathogen�Magnaporthe oryzae�25 Years After Its Emergence in Brazil	Phytopathology	https://doi.org/10.1094/PHYTO-11-12-0294-R
PY0925	Magnaporthe oryzae	2009	South America	Brazil	Perdizes, MG	Triticum aestivum	Other	Unknown	Maciel et al. 2014	Population Structure and Pathotype Diversity of the Wheat Blast Pathogen�Magnaporthe oryzae�25 Years After Its Emergence in Brazil	Phytopathology	https://doi.org/10.1094/PHYTO-11-12-0294-R
PY36.1	Magnaporthe oryzae	2007	South America	Brazil	Brasilia, DF	Triticum aestivum	Other	Unknown	Maciel et al. 2014	Population Structure and Pathotype Diversity of the Wheat Blast Pathogen�Magnaporthe oryzae�25 Years After Its Emergence in Brazil	Phytopathology	https://doi.org/10.1094/PHYTO-11-12-0294-R
PY5003	Magnaporthe oryzae	2005	South America	Brazil	Londrina	Triticum aestivum	Other	Unknown	Maciel et al. 2014	Population Structure and Pathotype Diversity of the Wheat Blast Pathogen�Magnaporthe oryzae�25 Years After Its Emergence in Brazil	Phytopathology	https://doi.org/10.1094/PHYTO-11-12-0294-R
PY5010	Magnaporthe oryzae	2005	South America	Brazil	Londrina	Triticum aestivum	Other	Unknown	Maciel et al. 2014	Population Structure and Pathotype Diversity of the Wheat Blast Pathogen�Magnaporthe oryzae�25 Years After Its Emergence in Brazil	Phytopathology	https://doi.org/10.1094/PHYTO-11-12-0294-R
PY5033	Magnaporthe oryzae	2005	South America	Brazil	Londrina	Triticum aestivum	Other	Unknown	Maciel et al. 2014	Population Structure and Pathotype Diversity of the Wheat Blast Pathogen�Magnaporthe oryzae�25 Years After Its Emergence in Brazil	Phytopathology	https://doi.org/10.1094/PHYTO-11-12-0294-R
PY6017	Magnaporthe oryzae	2006	South America	Brazil	Coromandel, MGG	Triticum aestivum	Other	Unknown	Maciel et al. 2014	Population Structure and Pathotype Diversity of the Wheat Blast Pathogen�Magnaporthe oryzae�25 Years After Its Emergence in Brazil	Phytopathology	https://doi.org/10.1094/PHYTO-11-12-0294-R
PY6025	Magnaporthe oryzae	2006	South America	Brazil	Coromandel, MGG	Triticum aestivum	Other	Unknown	Maciel et al. 2014	Population Structure and Pathotype Diversity of the Wheat Blast Pathogen�Magnaporthe oryzae�25 Years After Its Emergence in Brazil	Phytopathology	https://doi.org/10.1094/PHYTO-11-12-0294-R
PY6045	Magnaporthe oryzae	2006	South America	Brazil	Goiania	Triticum aestivum	Other	Unknown	Maciel et al. 2014	Population Structure and Pathotype Diversity of the Wheat Blast Pathogen�Magnaporthe oryzae�25 Years After Its Emergence in Brazil	Phytopathology	https://doi.org/10.1094/PHYTO-11-12-0294-R
PY86.1	Magnaporthe oryzae	2008	South America	Brazil	Cascavel, PR	Triticum aestivum	Other	Unknown	Maciel et al. 2014	Population Structure and Pathotype Diversity of the Wheat Blast Pathogen�Magnaporthe oryzae�25 Years After Its Emergence in Brazil	Phytopathology	https://doi.org/10.1094/PHYTO-11-12-0294-R
s12_transcripts	Magnaporthe oryzae	2016	Asia	Bangladesh	Nittanandapur	Triticum aestivum	B71	Unknown	"Islam et al., 2016"	Population Structure and Pathotype Diversity of the Wheat Blast Pathogen�Magnaporthe oryzae�25 Years After Its Emergence in Brazil	Phytopathology	https://doi.org/10.1094/PHYTO-11-12-0294-R
s5_transcripts	Magnaporthe oryzae	2016	Asia	Bangladesh	Meherpur	Triticum aestivum	B71	Unknown	"Islam et al., 2016"	Population Structure and Pathotype Diversity of the Wheat Blast Pathogen�Magnaporthe oryzae�25 Years After Its Emergence in Brazil	Phytopathology	https://doi.org/10.1094/PHYTO-11-12-0294-R
ZMW18_06	Magnaporthe oryzae	2018	Africa	Zambia	Mpika	Triticum aestivum	B71	Unknown	"Tembo et al., 2020"	Population Structure and Pathotype Diversity of the Wheat Blast Pathogen�Magnaporthe oryzae�25 Years After Its Emergence in Brazil	Phytopathology	https://doi.org/10.1094/PHYTO-11-12-0294-R
ZMW18_08	Magnaporthe oryzae	2018	Africa	Zambia	Mpika	Triticum aestivum	B71	Unknown	"Tembo et al., 2020"	Population Structure and Pathotype Diversity of the Wheat Blast Pathogen�Magnaporthe oryzae�25 Years After Its Emergence in Brazil	Phytopathology	https://doi.org/10.1094/PHYTO-11-12-0294-R
ZMW18_10	Magnaporthe oryzae	2018	Africa	Zambia	Mpika	Triticum aestivum	B71	Unknown	"Tembo et al., 2020"	Population Structure and Pathotype Diversity of the Wheat Blast Pathogen�Magnaporthe oryzae�25 Years After Its Emergence in Brazil	Phytopathology	https://doi.org/10.1094/PHYTO-11-12-0294-R
ZMW18_11	Magnaporthe oryzae	2018	Africa	Zambia	Mpika	Triticum aestivum	B71	Unknown	"Tembo et al., 2020"	Population Structure and Pathotype Diversity of the Wheat Blast Pathogen�Magnaporthe oryzae�25 Years After Its Emergence in Brazil	Phytopathology	https://doi.org/10.1094/PHYTO-11-12-0294-R
ZMW19_09	Magnaporthe oryzae	2019	Africa	Zambia	Mt. Makulu	Triticum aestivum	B71	Unknown	"Latorre et al., 2023"	Genomic surveillance uncovers a pandemic clonal lineage of the wheat blast fungus	PLOS Biology	https://doi.org/10.1371/journal.pbio.3002052
ZMW19_13	Magnaporthe oryzae	2019	Africa	Zambia	Mt. Makulu	Triticum aestivum	B71	Unknown	"Latorre et al., 2023"	Genomic surveillance uncovers a pandemic clonal lineage of the wheat blast fungus	PLOS Biology	https://doi.org/10.1371/journal.pbio.3002052
ZMW19_17	Magnaporthe oryzae	2019	Africa	Zambia	Mt. Makulu	Triticum aestivum	B71	Unknown	"Latorre et al., 2023"	Genomic surveillance uncovers a pandemic clonal lineage of the wheat blast fungus	PLOS Biology	https://doi.org/10.1371/journal.pbio.3002052
ZMW20_03	Magnaporthe oryzae	2020	Africa	Zambia	Mpika	Triticum aestivum	B71	Unknown	"Latorre et al., 2023"	Genomic surveillance uncovers a pandemic clonal lineage of the wheat blast fungus	PLOS Biology	https://doi.org/10.1371/journal.pbio.3002052
ZMW20_04	Magnaporthe oryzae	2020	Africa	Zambia	Mpongwe	Triticum aestivum	B71	Unknown	"Latorre et al., 2023"	Genomic surveillance uncovers a pandemic clonal lineage of the wheat blast fungus	PLOS Biology	https://doi.org/10.1371/journal.pbio.3002052
ZMW20_07	Magnaporthe oryzae	2020	Africa	Zambia	Mpongwe	Triticum aestivum	B71	Unknown	"Latorre et al., 2023"	Genomic surveillance uncovers a pandemic clonal lineage of the wheat blast fungus	PLOS Biology	https://doi.org/10.1371/journal.pbio.3002052
ZMW20_14	Magnaporthe oryzae	2020	Africa	Zambia	Mt. Makulu	Triticum aestivum	B71	Unknown	"Latorre et al., 2023"	Genomic surveillance uncovers a pandemic clonal lineage of the wheat blast fungus	PLOS Biology	https://doi.org/10.1371/journal.pbio.3002052
ZMW20_15	Magnaporthe oryzae	2020	Africa	Zambia	Mpongwe	Triticum aestivum	B71	Unknown	"Latorre et al., 2023"	Genomic surveillance uncovers a pandemic clonal lineage of the wheat blast fungus	PLOS Biology	https://doi.org/10.1371/journal.pbio.3002052
ZMW20_16	Magnaporthe oryzae	2020	Africa	Zambia	Mpika	Triticum aestivum	B71	Unknown	"Latorre et al., 2023"	Genomic surveillance uncovers a pandemic clonal lineage of the wheat blast fungus	PLOS Biology	https://doi.org/10.1371/journal.pbio.3002052
PS_1	Magnaporthe oryzae	2021	South America	Paraguay	Asunción	Triticum aestivum	B71	Unknown	Unpublished	Unpublished	Unpublished	Unpublished
PS_2	Magnaporthe oryzae	2021	South America	Paraguay	Asunción	Triticum aestivum	B71	Unknown	Unpublished	Unpublished	Unpublished	Unpublished
ZMW23_13	Magnaporthe oryzae	2023	Africa	Zambia	Mpika	Triticum aestivum	B71	Batiseba Tembo	Unpublished	Unpublished	Unpublished	Unpublished
ZMW23_14	Magnaporthe oryzae	2023	Africa	Zambia	Mpika	Triticum aestivum	B71	Batiseba Tembo	Unpublished	Unpublished	Unpublished	Unpublished
ZMW23_15	Magnaporthe oryzae	2023	Africa	Zambia	Mpika	Triticum aestivum	B71	Batiseba Tembo	Unpublished	Unpublished	Unpublished	Unpublished
ZMW23_16	Magnaporthe oryzae	2023	Africa	Zambia	Mpika	Triticum aestivum	B71	Batiseba Tembo	Unpublished	Unpublished	Unpublished	Unpublished
ZMW23_4	Magnaporthe oryzae	2023	Africa	Zambia	Mpika	Triticum aestivum	B71	Batiseba Tembo	Unpublished	Unpublished	Unpublished	Unpublished
ZMW23_6	Magnaporthe oryzae	2023	Africa	Zambia	Mpika	Triticum aestivum	B71	Batiseba Tembo	Unpublished	Unpublished	Unpublished	Unpublished
ZMW23_7	Magnaporthe oryzae	2023	Africa	Zambia	Mpika	Triticum aestivum	B71	Batiseba Tembo	Unpublished	Unpublished	Unpublished	Unpublished
ZMW23_8	Magnaporthe oryzae	2023	Africa	Zambia	Mpika	Triticum aestivum	B71	Batiseba Tembo	Unpublished	Unpublished	Unpublished	Unpublished
ZMW23_9	Magnaporthe oryzae	2023	Africa	Zambia	Mpika	Triticum aestivum	B71	Batiseba Tembo	Unpublished	Unpublished	Unpublished	Unpublished
ZMW23_47	Magnaporthe oryzae	2023	Africa	Zambia	Mpika	Triticum aestivum	B71	Batiseba Tembo	Unpublished	Unpublished	Unpublished	Unpublished
ZMW23_56	Magnaporthe oryzae	2023	Africa	Zambia	Mpika	Triticum aestivum	B71	Batiseba Tembo	Unpublished	Unpublished	Unpublished	Unpublished
ZMW23_65	Magnaporthe oryzae	2023	Africa	Zambia	Mpika	Triticum aestivum	B71	Batiseba Tembo	Unpublished	Unpublished	Unpublished	Unpublished
ZMW23_72	Magnaporthe oryzae	2023	Africa	Zambia	Mpika	Triticum aestivum	B71	Batiseba Tembo	Unpublished	Unpublished	Unpublished	Unpublished
ZMW23_77	Magnaporthe oryzae	2023	Africa	Zambia	Mpika	Triticum aestivum	B71	Batiseba Tembo	Unpublished	Unpublished	Unpublished	Unpublished
ZMW23_83	Magnaporthe oryzae	2023	Africa	Zambia	Mpika	Triticum aestivum	B71	Batiseba Tembo	Unpublished	Unpublished	Unpublished	Unpublished
ZMW23_92	Magnaporthe oryzae	2023	Africa	Zambia	Mpika	Triticum aestivum	B71	Batiseba Tembo	Unpublished	Unpublished	Unpublished	Unpublished
ZMW23_95	Magnaporthe oryzae	2023	Africa	Zambia	Mpika	Triticum aestivum	B71	Batiseba Tembo	Unpublished	Unpublished	Unpublished	Unpublished
